id;address;city;county
1;Secured productize;South Ralphmouth;payment olive Ghana
2;Pants;Lake Leatha;cross-platform
3;green virtual;Garretside;Peso Uruguayo Uruguay Peso en Unidades Indexadas Wisconsin Frozen
4;auxiliary connecting explicit;Silasmouth;bricks-and-clicks Secured
5;tangible e-markets Bike;Wuckertside;Rustic
6;stable 24 hour;McLaughlinland;leading-edge
7;SCSI;Bufordberg;Northern Mariana Islands
8;SAS Sports Licensed;Tayafort;parsing
9;Mali Orchestrator Plastic;North Rebecahaven;extend Fully-configurable e-services
10;EXE Illinois;North Ewald;Rubber compelling Algeria
